{"cameraMode":{"drawMode":0,"name":"Shaded","section":"Shading Mode"},"sceneLighting":true,"audioPlay":false,"sceneViewState":{"showFog":false,"showMaterialUpdate":false,"showSkybox":false,"showFlares":false,"showImageEffects":false,"showParticleSystems":false},"in2DMode":false,"pivot":{"x":200.81773376464845,"y":10.875044822692871,"z":65.76969146728516},"rotation":{"x":0.018244655802845956,"y":0.08356889337301254,"z":-0.0015302988467738033,"w":0.9963338375091553},"size":37.36421585083008,"orthographic":false}